"time","variable","value"
0,"S",999999
0,"I",1
0,"R",0
1,"S",818729.935075647
1,"I",172214.061107769
1,"R",9056.00381658176
2,"S",670319.375205598
2,"I",296821.937005413
2,"R",32858.6877889845
3,"S",548811.086486394
3,"I",384013.527556484
3,"R",67175.3859571185
4,"S",449328.505709783
4,"I",441982.410139746
4,"R",108689.084150466
5,"S",367879.052399159
5,"I",477302.607593908
5,"R",154818.340006929
6,"S",301193.882578251
6,"I",495234.957423932
6,"R",203571.159997813
7,"S",246596.683211736
7,"I",499976.743490966
7,"R",253426.573297293
8,"S",201896.280992925
8,"I",494864.915665591
8,"R",303238.80334148
9,"S",165298.685249088
9,"I",482541.540931436
9,"R",352159.773819472
10,"S",135335.083286876
10,"I",465088.345252022
10,"R",399576.571461098
11,"S",110802.979172235
11,"I",444135.872816668
11,"R",445061.148011092
12,"S",90717.7929433078
12,"I",420952.532753669
12,"R",488329.674303019
13,"S",74273.434524661
13,"I",396516.440030226
13,"R",529210.125445108
14,"S",60809.9373666008
14,"I",371573.801767945
14,"R",567616.26086545
15,"S",49786.9578080023
15,"I",346686.176529289
15,"R",603526.865662705
16,"S",40762.1074128661
16,"I",322268.614101677
16,"R",636969.278485453
17,"S",33373.1861434828
17,"I",298620.487897654
17,"R",668006.325958859
18,"S",27323.6495715714
18,"I",275950.3067522
18,"R",696726.043676224
19,"S",22370.7089651039
19,"I",254395.66573582
19,"R",723233.625299072
20,"S",18315.5846650555
20,"I",234039.256675594
20,"R",747645.158659346
21,"S",14995.5301720297
21,"I",214921.668683953
21,"R",770082.801144013
22,"S",12277.2999148556
22,"I",197051.601206387
22,"R",790671.098878753
23,"S",10051.8014965573
23,"I",180413.979463912
23,"R",809534.219039526
24,"S",8229.71778952099
24,"I",164976.375722386
24,"R",826793.906488089
25,"S",6737.92204570948
25,"I",150694.066692648
25,"R",842568.011261638
26,"S",5516.54316716702
26,"I",137513.991629632
26,"R",856969.465203197
27,"S",4516.56287308866
27,"I",125377.828528241
27,"R",870105.608598666
28,"S",3697.84837248511
28,"I",114224.363888886
28,"R",882077.787738624
29,"S",3027.54173266192
29,"I",103991.298010283
29,"R",892981.160257051
30,"S",2478.74115510366
30,"I",94616.6012148219
30,"R",902904.65763007
31,"S",2029.42131076622
31,"I",86039.513879606
31,"R",911931.064809624
32,"S",1661.54939136536
32,"I",78201.2653573193
32,"R",920137.185251311
33,"S",1360.36138242545
33,"I",71045.572276896
33,"R",927594.066340674
34,"S",1113.76953356243
34,"I",64518.9647735945
34,"R",934367.265692839
35,"S",911.877233564656
35,"I",58570.9796378962
35,"R",940517.143128535
36,"S",746.581823226192
36,"I",53154.2515398322
36,"R",946099.166636938
37,"S",611.249407559665
37,"I",48224.5271681224
37,"R",951164.223424314
38,"S",500.448613438637
38,"I",43740.6220243576
38,"R",955758.9293622
39,"S",409.732609283249
39,"I",39664.3354772946
39,"R",959925.931913418
40,"S",335.46063792967
40,"I",35960.3363615748
40,"R",963704.203000491
41,"S",274.651899920694
41,"I",32596.0287291092
41,"R",967129.319370966
42,"S",224.865923451042
42,"I",29541.4052122858
42,"R",970233.728864259
43,"S",184.104619501071
43,"I",26768.8937397463
43,"R",973047.001640748
44,"S",150.732091377391
44,"I",24253.2019716447
44,"R",975596.065936974
45,"S",123.408980354018
45,"I",21971.1627289101
45,"R",977905.428290732
46,"S",101.038712412683
46,"I",19901.5828253385
46,"R",979997.378462245
47,"S",82.7234888148866
47,"I",18025.0970281479
47,"R",981892.179483033
48,"S",67.7282542336858
48,"I",16324.0283370069
48,"R",983608.243408755
49,"S",55.4511963560976
49,"I",14782.2553541011
49,"R",985162.293449539
50,"S",45.3995930075553
50,"I",13385.0871952317
50,"R",986569.513211756
51,"S",37.1700374509144
51,"I",12119.1461452472
51,"R",987843.683817298
52,"S",30.4322482333896
52,"I",10972.2580748151
52,"R",988997.309676947
53,"S",24.9158138127299
53,"I",9933.35049725188
53,"R",990041.733688931
54,"S",20.3993399761215
54,"I",8992.35804377395
54,"R",990987.242616246
55,"S",16.7015644999174
55,"I",8140.13506500585
55,"R",991843.16337049
56,"S",13.6740824493107
56,"I",7368.3750193784
56,"R",992617.950898168
57,"S",11.1953901582952
57,"I",6669.5362799333
57,"R",993319.268329904
58,"S",9.16600885368899
58,"I",6036.77397583617
58,"R",993954.060015306
59,"S",7.50449221670603
59,"I",5463.87748024928
59,"R",994528.61802753
60,"S",6.14415765133466
60,"I",4945.21315946773
60,"R",995048.642682877
